"Date","Action","Symbol","Description","Quantity","Price","Fees & Comm","Amount"
"01/10/2023","Buy","SCHB","SCHWAB US BROAD MARKET ETF","10","$50.00","","-$500.00"
"01/10/2023","Buy","XLK","TECHNOLOGY SELECT SECTOR SPDR","2","$150.00","","-$300.00"
"01/10/2023","Buy","ES","EVERSOURCE ENERGY","5","$60.00","","-$300.00"
"01/10/2023","Buy","VTI","VANGUARD TOTAL STOCK MARKET ETF","1","$200.00","","-$200.00"
"03/27/2023","Cash Dividend","","TDA TRAN - ORDINARY DIVIDEND (SCHB)","","","","$2.00"
"03/27/2023","Journaled Shares","","TDA TRAN - W-8 WITHHOLDING (SCHB)","","","","-$0.60"
"03/27/2023","Reinvest Shares","SCHB","TDA TRAN - Bought 0.028 (SCHB) @50.0000","0.028","$50.00","","-$1.40"
"06/22/2023","Qual Div Reinvest","","TDA TRAN - QUALIFIED DIVIDEND (XLK)","","","","$1.00"
"06/22/2023","Journaled Shares","","TDA TRAN - W-8 WITHHOLDING (XLK)","","","","-$0.30"
"06/22/2023","Reinvest Shares","XLK","TDA TRAN - Bought 0.005 (XLK) @140.0000","0.005","$140.00","","-$0.70"
"06/22/2023","Qual Div Reinvest","","TDA TRAN - QUALIFIED DIVIDEND (ES)","","","","$4.00"
"06/22/2023","Journaled Shares","","TDA TRAN - W-8 WITHHOLDING (ES)","","","","-$1.20"
"06/26/2023","Cash Dividend","","TDA TRAN - ORDINARY DIVIDEND (SCHB)","","","","$3.00"
"06/26/2023","Journaled Shares","","TDA TRAN - W-8 WITHHOLDING (SCHB)","","","","-$0.90"
"06/26/2023","Reinvest Shares","SCHB","TDA TRAN - Bought 0.042 (SCHB) @50.0000","0.042","$50.00","","-$2.10"
"09/15/2023","Journaled Shares","","TDA TRAN - MANDATORY REORGANIZATION FEE (ES)","","","","-$10.00"
"09/29/2023","Journaled Shares","","TDA TRAN - W-8 WITHHOLDING","","","","-$5.00"
"12/18/2023","Reinvest Dividend","SCHB","SCHWAB US BROAD MARKET ETF","","","","$4.00"
"12/18/2023","NRA Tax Adj","SCHB","SCHWAB US BROAD MARKET ETF","","","","-$1.20"
"12/18/2023","Reinvest Shares","SCHB","SCHWAB US BROAD MARKET ETF","0.05","$56.00","","-$2.80"
"03/25/2024","Cash Dividend","VTI","VANGUARD TOTAL STOCK MARKET ETF","","","","$5.00"
"03/25/2024","Reinvest Shares","VTI","VANGUARD TOTAL STOCK MARKET ETF","0.02","$250.00","","-$5.00"
